question_id,strategy,question,proposed_answer,grounding_0_2,correctness_0_2,cognitive_demand_0_2,clarity_0_2,evidence_or_reason
A01,A — Full Context,What does the learning rate control in gradient descent?,How far the parameters move on each update step.,2,2.0,0,2,Directly stated in lecture; straightforward recall.
A02,A — Full Context,State the gradient descent update rule.,w <- w - eta * grad_w L(w),2,2.0,0,2,Directly stated formula; recall.
A03,A — Full Context,What is the maximum value of the derivative of the sigmoid function?,"0.25, attained at z = 0.",2,2.0,0,2,Directly supported by the vanishing-gradient section.
A04,A — Full Context,Which optimiser did the lecture recommend as the best choice for all deep learning tasks?,Adam.,0,0.0,0,2,Lecture says Adam is widely used but not always better than well-tuned SGD with momentum.
A05,A — Full Context,Why does the vanishing gradient problem get worse with depth?,"Backpropagation multiplies one activation derivative per layer, so sub-unit factors compound geometrically.",2,2.0,1,2,Requires explaining the multiplicative effect across layers.
A06,A — Full Context,What is the typical value of the momentum coefficient beta?,0.9.,2,2.0,0,2,Directly stated in momentum section; recall.
A07,A — Full Context,"According to the lecture, what batch size gives the best convergence for image classification?",256.,0,0.0,0,2,"Lecture gives a general mini-batch range and trade-off, not an optimal image-classification batch size of 256."
A08,A — Full Context,What is the dying ReLU problem?,Units receiving consistently negative input have zero gradient permanently and never recover.,2,2.0,0,2,Directly supported by ReLU section; recall.
A09,A — Full Context,What are the three variants of gradient descent by batch size?,"Batch, stochastic, and mini-batch.",2,2.0,0,2,Directly listed in lecture; recall.
A10,A — Full Context,What does it indicate if training loss falls while validation loss rises?,"Overfitting, not an optimisation failure.",2,2.0,0,2,Directly supported by training-diagnosis slide; recall.
A11,A — Full Context,In which year was backpropagation first published?,1986.,0,,0,2,Lecture explains backpropagation but does not provide a publication year; source-based correctness is not verifiable.
A12,A — Full Context,What is the Hadamard product used for in the backward pass?,Elementwise multiplication when propagating delta through an activation derivative.,2,2.0,0,2,Directly supported by backward-pass formula and note that Hadamard product is elementwise.
B01,B — Retrieval,What is the maximum value of sigma'(z) and where is it attained?,"0.25, at z = 0.",2,2.0,0,2,Directly supported; recall.
B02,B — Retrieval,Why is the derivative of the sigmoid bounded above by 0.25?,"Because sigma'(z) = sigma(z)(1 - sigma(z)), which is maximised when sigma(z) = 0.5.",2,2.0,1,2,Requires explaining why the bound occurs.
B03,B — Retrieval,How much can a gradient shrink passing back through ten sigmoid layers?,"By roughly 0.25^10, about one in a million.",2,2.0,0,2,The ten-layer attenuation of roughly 0.25^10 is directly stated in the lecture; recall.
B04,B — Retrieval,What is the derivative of ReLU for a positive input?,Exactly 1.,2,2.0,0,2,Directly stated; recall.
B05,B — Retrieval,Why does ReLU help with vanishing gradients?,"Its derivative is 1 for active units, so it does not attenuate the gradient during backpropagation.",2,2.0,1,2,Requires explaining the mechanism.
B06,B — Retrieval,What is the consequence of vanishing gradients for the early layers of a network?,They receive almost no signal and effectively stop learning.,2,2.0,1,2,Requires interpreting the consequence described in the lecture.
B07,B — Retrieval,State the formula for the sigmoid derivative.,sigma'(z) = sigma(z)(1 - sigma(z)),2,2.0,0,2,Directly stated formula; recall.
B08,B — Retrieval,What causes the vanishing gradient problem?,Saturating activation functions whose bounded derivatives compound multiplicatively through backpropagation.,2,2.0,1,2,Requires explaining the causal mechanism.
B09,B — Retrieval,Which activation function was proposed as the mitigation for vanishing gradients?,ReLU.,2,2.0,0,2,Directly stated; recall.
B10,B — Retrieval,What is the trade-off of using ReLU?,The dying ReLU problem: permanently inactive units.,2,2.0,0,2,Directly stated; recall.
B11,B — Retrieval,What does ReLU output for a negative input?,Zero.,2,2.0,0,2,Directly stated by ReLU definition; recall.
B12,B — Retrieval,Why is the gradient largest around z = 0 for a sigmoid?,"That is where the curve is steepest, before it saturates in either direction.",2,2.0,1,2,Requires interpreting the sigmoid shape and derivative behaviour.
C01,C — Generate → Verify,State the gradient descent update rule and explain the role of the negative sign.,"w <- w - eta * grad_w L(w). The gradient points uphill, so the negative sign moves the parameters downhill.",2,2.0,1,2,Requires both recalling the rule and explaining the negative sign.
C02,C — Generate → Verify,Explain why the vanishing gradient problem is a function of depth rather than simply of network size.,"The attenuation compounds multiplicatively, one activation derivative per layer, so it is the number of layers a gradient traverses that determines the decay.",2,2.0,1,2,Requires explaining the relationship between depth and multiplicative attenuation.
C03,C — Generate → Verify,What would you observe during training if the learning rate were set far too large?,"The loss oscillates or diverges, with each step landing higher than the last.",2,2.0,2,2,Applies the learning-rate concept to an observed training pattern.
C04,C — Generate → Verify,Why is mini-batch gradient descent preferred over full-batch in practice?,It trades some gradient accuracy for far better hardware utilisation and speed.,2,2.0,1,2,Requires explaining the practical trade-off.
C05,C — Generate → Verify,How does momentum address the oscillation of plain gradient descent?,"It accumulates a running average of past gradients, damping oscillation across a valley while accelerating the consistent direction.",2,2.0,1,2,Requires explaining the mechanism and effect of momentum.
C06,C — Generate → Verify,Why does the storage requirement of the forward pass limit model size?,"Backpropagation reuses intermediate values from the forward pass, so they must all be retained, making memory rather than compute the binding constraint.",2,2.0,1,2,Requires explaining the connection between forward-pass storage and backpropagation.
C07,C — Generate → Verify,Distinguish the diagnosis for a loss that is flat from the start versus one that explodes to NaN.,"Flat suggests a learning rate too small or vanishing gradients; exploding suggests a learning rate too large or exploding gradients, addressable with clipping.",2,2.0,2,2,Requires applying the lecture's training-diagnosis framework to two observed patterns.
C08,C — Generate → Verify,Explain why backpropagation is described as the chain rule with bookkeeping.,"Each layer's gradient term is local, depending only on values that layer already computed, so the chain rule can be applied systematically by reusing stored forward-pass values.",2,2.0,1,2,Requires explaining the conceptual interpretation of backpropagation.
